Nitrogen,Phosphorus,Potassium,pH,Temperature,Rainfall,Humidity,Sunlight,Irrigation,Fertilizer_Used,Crop_Type,Yield
152,58,28,6.1,34.4,76.2,45,5.3,Yes,51,Wheat,293.9104557
142,54,109,5.98,18.2,82.1,54,7,Yes,68,Corn,317.9951805
64,39,69,6.12,23.7,193.5,41,8.2,Yes,69,Corn,227.8210215
156,25,98,6.01,25.9,65.2,36,5.8,No,119,Wheat,352.5628864
121,49,78,5.56,24.9,57.7,68,8.2,Yes,66,Wheat,297.6431743
70,28,58,7.44,31.7,228.6,46,11,No,173,Rice,348.4638647
152,27,117,5.94,37.3,140.4,74,9.1,No,138,Soybean,401.3107505
171,10,128,6.97,22.7,81.3,40,5.6,No,245,Soybean,432.3334706
124,87,46,7.03,28.8,113.4,35,6.3,Yes,143,Wheat,343.5173528
137,56,20,7.36,34.7,210.5,52,8.3,Yes,133,Soybean,328.4874738
166,75,147,5.56,25.4,118.9,56,7.5,Yes,180,Corn,407.9372949
149,47,87,7.24,19.2,173.6,75,7.5,No,136,Wheat,364.4452016
153,60,86,6.55,26.9,80.4,35,8.7,No,100,Wheat,353.2393678
180,72,11,6.77,16.4,197,67,9.1,Yes,131,Wheat,331.6244326
199,13,73,6.79,38.6,129,31,10.6,No,203,Rice,446.6339795
102,10,44,7.14,16.9,206.7,51,7.4,Yes,233,Soybean,338.7731028
51,17,16,6.17,26,252.1,49,10.6,Yes,241,Rice,314.4506845
137,38,94,6.97,28.2,202.9,54,7.4,Yes,57,Corn,325.8299623
87,64,76,6.56,39.6,123.9,44,5.4,Yes,214,Soybean,397.9275638
179,12,51,7.09,19.2,113.9,89,8.9,No,170,Rice,392.2906857
70,41,127,7.48,17.9,131.9,78,9.1,Yes,204,Wheat,384.083887
107,19,134,5.9,15.2,91.2,58,11.5,Yes,222,Rice,413.1875969
71,83,33,7.49,18.9,95.3,37,10.1,Yes,53,Wheat,260.1643213
138,92,55,5.68,20.2,247.7,66,11.4,Yes,135,Rice,328.5422526
98,43,28,5.5,30.8,146.2,78,11.4,Yes,177,Rice,379.5932564
108,96,77,5.59,20.5,159,81,9.2,Yes,159,Rice,360.9067518
64,64,111,6.18,15.5,198.5,62,8.7,Yes,148,Wheat,304.3665081
100,41,51,6.77,35.7,197.4,51,8.9,No,86,Rice,303.976857
157,59,41,5.64,24.1,66.8,79,11.8,No,120,Soybean,382.8418655
104,16,118,5.51,23.8,257.9,76,10.4,No,82,Soybean,300.5325445
113,17,45,7.37,22.6,94.3,34,5.7,No,80,Soybean,282.8826226
180,74,106,7.14,39.4,230.8,68,10.4,Yes,232,Wheat,471.344441
100,66,140,7.12,19.3,243.2,47,6.2,No,174,Wheat,355.3514916
184,76,82,7.27,37.5,228.7,67,8.1,No,61,Soybean,358.3694122
70,97,145,6.9,34.4,194.7,83,6.5,No,60,Soybean,331.8510077
122,96,106,5.71,16.9,53.7,82,9.8,Yes,137,Soybean,396.6549449
67,68,132,6.3,39.7,140.1,66,11.1,No,121,Corn,389.2072567
181,81,79,6.95,21.8,201.2,59,7,No,81,Soybean,335.8705248
138,63,22,6.06,17.5,146.9,80,5.6,Yes,106,Rice,274.6800332
109,76,58,6.87,35.7,265.9,60,7.1,No,215,Corn,381.4649814
63,60,69,5.55,32.7,127.2,39,9.7,Yes,237,Corn,374.9132461
58,17,139,6.11,30.4,123.4,44,7.3,No,135,Wheat,333.530453
139,43,14,6.6,18.9,116.5,71,6.9,Yes,68,Rice,289.2095819
102,44,36,6.76,27,133.2,88,6.3,No,165,Wheat,345.0396898
179,97,17,6.65,34.5,189.4,77,8.5,No,233,Wheat,437.1495852
133,87,59,6.9,22.6,226.8,73,6.9,No,63,Rice,309.403008
141,41,76,5.51,22.8,215.6,47,10.1,Yes,82,Wheat,287.9485243
160,55,53,5.7,15.1,251.9,52,5.5,No,59,Rice,231.4746249
57,25,134,7.24,19.4,271.5,62,9.6,Yes,129,Rice,294.5732885
84,77,67,6.86,36.9,254,45,6.7,Yes,241,Wheat,378.5500061
130,46,12,5.73,26,54.7,83,8.4,Yes,113,Soybean,324.6463695
99,63,95,7.18,39.6,234,67,7,Yes,239,Wheat,430.9539138
153,94,79,5.98,24.9,102.1,64,10.1,No,117,Corn,356.2008655
181,23,139,6.46,32.9,83.2,63,11.6,No,141,Wheat,432.0343959
51,64,11,5.79,22,209.6,57,11.4,No,174,Rice,298.5050255
183,57,111,6.92,24.1,129.9,31,9.1,Yes,220,Corn,439.5224622
103,91,44,6.83,19.8,64.3,59,8.2,No,129,Rice,356.2583484
155,16,107,5.92,23.7,84.4,42,10.7,Yes,108,Soybean,369.5723771
53,83,39,7.23,28.7,50.2,70,9.8,Yes,229,Soybean,392.0526284
103,16,125,6.3,39.8,275.8,45,6.3,Yes,146,Corn,316.2595206
195,42,17,6.09,31.6,56.2,88,10.7,No,68,Soybean,368.3097126
93,32,53,5.8,20,102.4,34,8,No,198,Soybean,323.8881476
63,94,45,6.03,16.1,154.1,84,6.3,Yes,71,Wheat,243.5597366
144,28,86,5.54,18.2,139.1,57,7,No,58,Wheat,277.241209
97,28,40,6.67,29.1,277.9,82,6.9,No,58,Soybean,254.8269732
64,45,56,7.18,34.1,60.1,68,8.6,Yes,76,Soybean,310.0903156
89,38,64,6.6,38.5,178.1,74,6.6,Yes,66,Wheat,292.2391525
131,69,115,5.94,15.4,220.1,49,5.9,No,221,Soybean,357.3595847
160,91,130,5.57,28.1,282.9,53,5.9,Yes,94,Soybean,322.9050876
102,11,64,5.93,26.8,205.1,56,9.1,Yes,57,Rice,264.894441
73,10,21,6.33,31.4,250.9,59,10.1,No,195,Soybean,310.0409414
173,56,149,7.02,29,70.9,87,7.3,No,174,Corn,454.9131501
90,78,145,5.88,32.2,146.5,74,5.2,Yes,172,Rice,382.5071786
64,29,12,6.94,31.5,143.5,56,5.9,No,82,Corn,255.8324759
94,20,39,7.23,17.9,271.6,55,11.4,Yes,50,Soybean,239.6398449
114,11,32,6.41,35,87.8,36,8.5,Yes,55,Wheat,303.5625784
138,76,101,7.14,18.1,88,71,8.2,No,90,Rice,358.4212572
120,96,124,6.61,32.5,132.1,76,5.3,Yes,232,Wheat,452.7393135
58,21,113,6.77,25.4,63.6,82,10.1,Yes,54,Rice,307.5138699
137,29,127,6.55,27.8,95.6,88,8.7,Yes,236,Wheat,449.281342
178,14,14,6.43,37.6,291.3,67,6.4,No,129,Rice,317.6578599
185,46,113,5.97,37.2,157,34,5.8,No,67,Rice,333.2966751
112,47,117,6.11,35.4,208,52,7.7,No,226,Corn,411.2223068
188,18,74,6.08,27.8,231.5,57,10.9,Yes,131,Wheat,344.1871858
130,62,130,6.63,33.4,141.7,63,11.1,Yes,114,Corn,401.6853372
185,53,39,5.74,27.8,86.8,82,9.2,No,132,Corn,384.6676041
82,95,93,7.33,36.7,101.6,44,10.1,No,231,Wheat,451.5134823
172,33,41,6.94,25.1,128.3,61,5.8,No,238,Rice,401.3009181
54,90,25,6.3,39.3,209,55,9.1,Yes,185,Corn,338.7863029
90,83,47,5.82,38.3,149.6,77,9.7,No,180,Wheat,384.5133128
77,39,45,7.26,33.5,51.7,60,6.4,Yes,74,Rice,299.5535075
184,68,123,7.15,22,180.9,48,11.2,No,118,Corn,399.7834841
121,96,75,6.94,18.3,280.4,38,6.4,Yes,232,Corn,367.3880483
61,90,114,6.04,36.4,253,58,7.2,Yes,217,Corn,399.9502308
82,90,94,6.3,19.1,256.3,83,9.3,No,131,Rice,317.1850786
97,23,11,5.71,36.4,248.8,87,9.5,Yes,227,Corn,333.664494
111,18,84,5.88,27.3,130.9,80,9.9,No,166,Rice,366.7257743
86,49,76,7.07,25.2,241.3,68,5.8,Yes,144,Soybean,312.6465793
148,75,64,6.93,37.6,85.8,33,10.9,Yes,82,Corn,376.7853069
153,34,15,6.69,30.1,214.4,32,8.7,No,160,Soybean,335.4560427
84,82,95,7.29,29.4,210.4,85,8.3,Yes,195,Wheat,390.2572247
150,31,69,6.67,29,56.4,58,11.9,No,174,Corn,435.3616436
180,13,110,6.43,24.3,247,81,10.2,No,234,Wheat,422.962642
50,35,21,6.18,34.6,275.8,40,5.8,No,65,Wheat,204.9935515
54,67,58,7.38,21.3,116.9,62,10.3,Yes,129,Wheat,312.4209016
191,38,51,5.67,38.5,253.1,67,5.7,Yes,87,Soybean,324.7757676
152,96,91,7.36,37.3,70.6,87,5.2,Yes,218,Rice,491.4700576
76,46,44,7.15,23.4,200,40,7.8,No,184,Soybean,315.6907408
186,84,143,5.76,33.2,171.4,56,12,No,127,Soybean,427.9720015
64,79,76,6.63,29.3,186.5,62,6.2,Yes,230,Wheat,356.7403799
139,27,89,7.23,23.4,281.6,50,9.7,Yes,112,Corn,313.8100781
91,94,16,6.64,39.7,267.8,68,6.2,No,161,Rice,345.4448705
173,51,23,7.31,15.6,246.3,60,10.1,Yes,138,Wheat,326.8376383
112,50,82,7.39,21.3,118.4,67,8.5,No,209,Rice,394.8420979
145,47,75,6.34,28,278,75,9.8,Yes,87,Soybean,330.1571458
101,43,100,6.25,28,74.4,31,6.4,No,199,Rice,370.7843589
145,26,139,7.37,29.7,263.3,56,10.2,Yes,193,Rice,424.0605363
181,46,29,6.85,33.8,132,65,12,Yes,101,Corn,365.853604
192,34,19,5.73,30.6,63.4,40,9.7,No,78,Wheat,341.6985397
78,85,34,5.58,30,217.3,76,8.5,No,193,Rice,363.2032921
85,96,34,6.63,16.3,107.8,47,11.5,No,125,Rice,328.318569
62,95,63,7.36,24.4,110.9,88,5.1,Yes,194,Soybean,352.1472645
120,94,42,7.19,20.8,126.5,30,10.1,No,113,Soybean,320.1169676
135,36,104,6.85,21.6,65.9,64,11.2,No,140,Rice,388.0004848
77,66,23,5.78,28.9,94.3,64,5.4,Yes,138,Wheat,316.139555
115,40,74,6.01,20,51.3,60,8.2,No,62,Rice,283.8238188
94,15,119,7.25,22.3,161.4,57,6.4,No,121,Rice,306.8306333
111,49,89,5.87,20.9,71.1,68,9,No,233,Corn,394.8284857
183,21,63,6.06,38.7,220.7,30,9.5,Yes,54,Wheat,303.5019975
77,62,134,5.76,38.6,108.9,54,7.1,Yes,61,Corn,310.3039334
77,80,140,6.85,30.2,285.9,72,8.2,Yes,218,Wheat,413.9990586
157,19,143,7.39,38.1,267.8,67,7,No,52,Wheat,331.1662273
93,54,34,6.04,34.6,122.4,49,7.6,Yes,82,Wheat,300.0292529
133,26,126,6.45,29.7,245.8,32,6.1,No,170,Corn,348.1196951
79,35,145,6.77,15.2,250.8,80,11.2,No,99,Corn,311.3796128
124,94,34,7.5,34.3,296.6,31,5.1,No,233,Corn,362.9655618
177,71,88,5.71,32.6,199.5,47,11.2,Yes,186,Soybean,426.2002249
141,55,77,6.5,30.4,70.5,73,9,Yes,227,Corn,448.7434423
178,73,21,6.27,34,211.7,39,7.3,No,78,Soybean,311.4274391
170,11,41,7.23,27.8,206.2,34,10.1,No,88,Soybean,305.7257939
76,63,137,6.45,32.6,209.6,38,8.6,Yes,140,Soybean,341.1822407
170,74,105,5.72,38.4,126.8,31,8.5,Yes,149,Rice,411.1291112
165,60,101,6.77,24.4,264.9,63,5.8,Yes,222,Rice,400.4205561
52,62,40,7.04,32.7,289.9,89,7.7,No,66,Rice,262.2547231
152,45,87,5.51,26.9,104.4,67,6.7,Yes,105,Soybean,334.7795751
186,35,29,7.22,31.9,72,60,5.1,Yes,95,Soybean,368.641077
111,38,69,5.87,34.1,98.6,39,7.5,Yes,116,Wheat,323.4829326
100,30,143,6.6,16.1,255.1,79,5.6,No,246,Soybean,378.1774734
108,20,102,6.33,31.2,219.2,41,6.8,Yes,191,Rice,349.8896637
167,49,52,6.94,20.7,209,65,5.6,No,116,Soybean,337.647112
145,20,139,6.24,31.8,150.4,83,5.7,No,72,Soybean,340.3118539
162,45,69,7.24,26.7,194.5,50,6.4,No,143,Wheat,347.9765806
111,68,40,6.96,34.3,127,78,12,Yes,238,Soybean,447.6831115
101,48,14,6.8,18.1,169.3,76,5,Yes,200,Corn,316.9045911
61,63,19,7.09,30.7,248.3,35,9.5,Yes,204,Wheat,328.1559972
88,64,98,7.01,22,295.3,77,6,No,103,Soybean,311.4560358
179,33,139,5.57,36.3,283.1,78,11.4,Yes,187,Soybean,437.8769556
180,31,135,6.29,38.2,283.5,32,5.7,No,126,Wheat,358.6324592
162,78,20,7.36,39.9,150.6,39,11.7,Yes,65,Soybean,345.5009511
150,65,65,5.75,34.9,167.2,34,9.3,Yes,90,Rice,348.9520715
162,42,92,6.97,33.8,226.4,75,5,Yes,147,Corn,392.510327
130,45,146,7.45,20.4,280.5,55,11.3,Yes,232,Corn,427.8268038
162,29,108,5.6,23.4,85.5,50,8.7,No,177,Rice,399.8383322
51,92,82,6.86,26.6,126.1,74,6.8,No,110,Soybean,317.1323465
179,90,124,6.44,34.3,84.8,55,10.4,No,135,Soybean,446.5533758
103,71,16,6.66,37.9,203,67,11.5,No,167,Corn,363.848424
136,82,89,5.67,19.7,126.6,73,8.4,Yes,149,Soybean,355.6188602
178,35,106,5.59,38.1,131.5,55,7.2,No,98,Corn,355.1264008
196,75,13,6.83,32.4,67.7,37,10.5,No,229,Corn,457.7667397
175,82,13,7.15,30.3,137.4,34,9.8,No,51,Rice,304.7362553
179,82,112,7.06,20,265.6,44,11.2,Yes,169,Corn,390.783646
102,49,49,6.59,16.4,108.3,88,9.8,No,227,Soybean,390.9277062
117,26,26,5.7,29.2,223.8,45,6.7,No,172,Soybean,316.492904
172,10,110,6.88,31.3,207.4,30,11.5,Yes,135,Wheat,370.6377983
194,98,112,5.98,20.3,265.9,45,5.7,Yes,220,Soybean,412.5527231
87,70,133,7.32,28.9,83.1,66,6.9,No,126,Wheat,384.5715891
73,52,61,7.18,36.4,294.4,32,8.6,No,185,Corn,321.5069167
118,51,61,6.92,35.9,195.7,81,9,Yes,108,Soybean,362.0882549
165,34,133,7.4,38.2,298.9,76,5.1,No,242,Rice,442.3841888
147,48,72,5.56,24.1,277.9,60,10.5,Yes,61,Rice,279.0304888
188,44,125,6.97,23,105.4,42,7.5,No,53,Rice,339.3264672
193,12,71,6.16,33.7,64,85,7.8,No,166,Corn,425.7649427
146,53,16,7.31,25.8,113.9,45,10.7,No,144,Corn,355.469554
173,60,101,6.03,17.2,181.9,84,7.7,No,174,Wheat,379.7230834
119,21,23,6.95,22.1,92.9,72,5.3,No,90,Rice,279.1074441
142,28,95,7.26,25.5,91.9,50,6.2,Yes,172,Wheat,383.2094281
52,53,142,5.58,22.3,165.6,31,11.7,Yes,56,Wheat,271.9753645
197,68,139,6.3,23.3,58.3,83,5.5,No,118,Soybean,417.5130969
196,58,71,7.02,22.3,80.5,56,7.5,No,118,Soybean,379.323629
139,70,88,6.41,16,154,67,8.5,No,130,Rice,345.77014
196,26,147,6.03,30.9,65.8,55,8.5,Yes,79,Corn,396.8681223
197,83,67,5.94,29.9,149.2,87,5,Yes,122,Soybean,395.4491807
145,66,129,5.76,31.3,168.5,88,8.5,Yes,55,Corn,364.4902235
101,64,142,7.21,19.8,162.8,67,7.7,Yes,138,Wheat,373.8440642
177,56,74,6.65,22.4,267.3,75,11.8,Yes,196,Wheat,415.5444917
88,21,22,5.65,30.5,182.5,54,6.1,Yes,115,Wheat,287.4541062
131,71,91,6.27,30,167,40,7.5,Yes,59,Wheat,309.7782377
153,89,148,6.24,27.7,152.7,37,7.9,Yes,193,Rice,426.7154582
178,97,61,5.86,23.8,254.4,37,7.7,No,86,Wheat,328.8592128
60,92,126,6.37,37.8,273.8,62,9.7,Yes,126,Soybean,320.3803115
91,17,35,6.16,23.5,263.3,82,6.5,Yes,126,Wheat,267.5010351
148,30,43,6.18,26.4,218.4,36,6.5,Yes,81,Corn,282.7449573
56,90,61,6.98,32,84.3,67,10.1,Yes,96,Soybean,347.7426295
193,96,121,5.95,28.6,119.2,50,8.5,No,159,Corn,455.1165157
139,89,91,6.78,23.7,61.5,37,7.9,Yes,249,Corn,443.9748572
161,79,51,6.64,25.9,282.7,80,6.2,No,220,Rice,384.951824
109,81,30,6.64,34.9,215.2,83,6.3,No,169,Rice,355.0391525
162,34,51,6.83,22,236.6,50,5.1,No,213,Corn,358.0606816
51,91,122,6.6,18.6,127.9,85,5.6,Yes,203,Corn,387.736476
178,98,114,7.26,22.8,261.4,49,8.9,Yes,59,Wheat,350.6614101
97,21,26,6.85,36.2,114.9,37,11.2,Yes,208,Soybean,381.8598533
189,24,129,6.59,17.2,50.4,87,7,No,146,Wheat,412.1500849
86,68,146,7.16,39.8,144.1,75,7.3,No,206,Rice,435.6639842
58,35,138,6.71,28.5,192.7,60,5.8,No,54,Rice,266.5878445
148,35,139,6.08,39.6,169.7,79,7.7,No,126,Wheat,410.2225721
196,56,69,5.91,38.5,265.5,86,5.3,Yes,50,Soybean,340.9221139
97,41,57,5.8,26.3,76.4,58,11.4,Yes,180,Corn,365.9471632
180,19,38,7.3,20,188.5,77,9.7,Yes,116,Wheat,345.2295635
197,25,106,6.92,19.1,178.2,38,11.9,No,248,Rice,445.0292194
103,80,19,7.37,21,120.3,44,11.2,No,212,Soybean,388.5787166
169,26,67,6.71,32.8,255.6,59,8.3,Yes,64,Rice,306.1948398
165,32,30,6.45,21.8,238.2,55,8.6,Yes,244,Soybean,362.1954506
124,35,37,5.62,23.5,233.2,39,6.3,No,142,Soybean,290.0969071
162,94,43,6.84,26.2,269,58,8.2,Yes,79,Soybean,307.7651637
153,95,17,6.66,37.8,230.7,83,11.3,Yes,152,Wheat,395.0655628
133,16,88,7.48,19.7,108,45,5.4,No,131,Wheat,331.5558792
161,23,96,5.98,15.1,226.4,65,11,No,124,Wheat,335.9483364
148,88,97,6.56,16.5,126.9,49,7.4,No,220,Soybean,410.4812166
142,16,78,6.8,37.6,110.5,74,11.3,Yes,109,Soybean,370.7026683
195,18,96,6.79,31.2,68.3,83,11.6,No,89,Rice,416.4030901
177,57,110,6.62,21.8,236,66,9.7,Yes,242,Corn,419.8094365
159,81,17,7.05,19.4,227.8,51,9.7,Yes,206,Wheat,379.6356514
131,68,86,5.91,22.4,108.6,36,8.2,No,123,Soybean,346.4638128
103,96,96,6.95,17.9,237.3,52,10.8,Yes,170,Rice,344.8547986
117,91,52,6.74,38.5,279.5,70,11.7,No,196,Rice,409.4843299
82,48,138,7.29,34.6,77,69,10.4,No,52,Rice,365.5717913
191,27,118,7.19,26.6,108.2,58,9.4,Yes,85,Wheat,376.7699638
70,68,26,6.13,36.6,237.6,45,9.2,Yes,92,Wheat,283.2163637
97,26,142,6.05,21.2,118.6,67,10.9,No,192,Corn,367.6259413
197,23,30,7.46,32.9,206.2,57,8.8,No,218,Rice,430.8419612
177,40,67,6.55,36.4,70.3,77,10.6,No,164,Wheat,441.7399424
185,33,119,7.31,23.9,163.1,67,8.6,No,158,Rice,407.0017062
184,69,148,5.83,33.9,234.8,60,5.4,No,139,Soybean,401.2804145
194,54,144,6.79,22.4,221.6,43,7.7,No,213,Rice,444.2728968
177,12,37,7.12,22.5,253.8,82,8.1,Yes,133,Corn,338.4971584
82,46,60,7.39,17.7,269.4,62,6,Yes,126,Wheat,286.9071388
164,52,14,6.17,26,243.3,86,5.7,Yes,210,Soybean,350.2071675
168,49,14,6.95,33.2,217.9,38,8.7,Yes,54,Wheat,298.1794884
71,99,103,6.58,38.5,57.9,86,5.6,No,127,Soybean,383.4999615
87,64,105,5.62,30.1,183.7,56,7.1,Yes,140,Rice,323.977809
158,96,17,6.88,36.6,59.4,53,10.2,Yes,136,Rice,384.5331857
100,48,73,6.88,35.6,252,42,11.8,No,63,Corn,307.1178705
57,24,147,7.36,19.3,130.2,55,10,Yes,153,Corn,358.7129005
76,13,47,6.49,27.1,190.6,58,11.9,No,245,Soybean,390.6002275
76,95,120,5.96,17.9,119.9,80,9.9,No,132,Corn,366.3849044
70,34,121,5.59,32.1,245.6,78,7.1,No,224,Corn,365.7629031
79,22,90,6.33,38.7,271.6,72,9.7,No,103,Corn,327.6870552
146,91,145,6.1,18.4,149.7,57,9.9,No,181,Corn,426.723475
77,42,113,7.02,33.3,265.7,57,7.6,Yes,144,Rice,330.2601607
160,25,82,6.21,30.8,116.8,37,5.1,Yes,58,Corn,299.7242826
110,51,58,7.4,29.6,183.7,52,9.9,Yes,102,Rice,317.3184579
97,75,45,7.42,24.8,264.7,58,5.2,No,126,Rice,305.2688629
196,64,135,6.74,23.9,131.5,34,9.4,Yes,109,Wheat,374.3821285
53,51,77,7.36,16.1,288.5,71,6.1,Yes,95,Rice,249.0497067
84,43,87,7.02,20.4,80.5,36,9,Yes,103,Rice,303.4317081
98,39,114,6.59,15.4,54.6,71,8.5,Yes,123,Corn,332.8014718
66,22,131,5.86,29.5,276,65,5.1,No,161,Rice,290.2527172
95,22,128,6.42,17.6,67.2,70,7.5,Yes,144,Soybean,348.0059387
166,27,123,6.62,36.8,298,56,9.2,No,214,Corn,410.2541489
55,41,19,7.23,28.1,287.8,87,10.9,No,72,Corn,260.1041945
148,48,149,6.46,32.5,84.3,75,11.2,Yes,76,Corn,417.5333732
173,55,100,7.3,25.3,184.4,31,8.4,No,119,Wheat,360.6150733
86,38,11,6.85,29,96.2,54,10.1,No,243,Corn,409.332805
73,71,127,5.77,38.6,157,38,7.2,No,158,Rice,352.0772675
142,71,22,7.49,17.1,65.4,82,7.4,No,238,Soybean,405.110592
95,66,104,6.55,21.3,106,56,6.4,No,126,Corn,321.1298441
144,25,41,6.28,34.5,140.8,30,8.9,No,228,Corn,395.1889946
148,65,41,6.82,17.5,159.7,52,7.2,No,99,Soybean,329.7894869
165,19,133,5.72,16.9,294.4,39,5.6,Yes,173,Corn,308.1988529
116,39,20,6.77,24,252,71,9.8,Yes,68,Wheat,274.4966312
177,34,19,6.5,17.3,234.4,81,10,No,50,Rice,272.5203466
67,93,24,6.31,29.6,184.3,54,7.5,No,89,Soybean,272.1019695
74,14,26,7.41,20.7,260,83,5.5,Yes,209,Soybean,296.9198009
103,74,68,6.55,37.4,134.8,32,8,Yes,71,Wheat,321.6313832
107,58,87,5.94,34.6,227.2,35,8.1,Yes,161,Rice,343.0207487
116,12,133,6.42,32.5,298.4,87,9.7,Yes,243,Wheat,432.9945355
153,54,123,7.34,30.4,128.7,35,7.2,No,89,Rice,359.0124519
73,23,31,5.85,36.6,218.5,82,9.8,No,87,Wheat,266.6837602
163,39,41,5.93,20.6,261.1,31,11.1,Yes,97,Corn,298.045428
81,77,122,5.53,36.8,279,87,6.7,Yes,232,Wheat,381.5699937
135,27,129,5.53,34.7,229.5,87,11.9,Yes,124,Soybean,364.7009732
176,71,131,7.16,33.7,120.9,47,7.7,Yes,232,Soybean,468.5479732
179,46,41,6.96,29,131.6,52,6.9,No,228,Soybean,409.2414446
66,34,128,6.21,21.2,55.2,31,8,Yes,156,Wheat,350.9202137
153,57,48,6.9,25.6,240.2,41,5.7,Yes,237,Soybean,374.4484361
186,74,21,6.29,34.8,60.7,51,5.9,Yes,57,Soybean,345.6338529
92,62,27,7.41,15.8,266.2,66,7.9,No,135,Corn,275.6808252
88,88,135,7.43,34.6,79.7,49,10.3,No,117,Corn,401.3364637
75,82,145,6.29,21,93,68,11.3,No,124,Rice,376.0404231
148,24,55,7.21,18.6,169.1,53,9.7,Yes,249,Rice,410.0406542
99,58,113,7.05,17.9,234.5,77,5.7,Yes,186,Rice,345.4507383
62,97,144,6.12,15.7,84.8,49,9.7,Yes,139,Wheat,345.9614511
109,77,95,5.96,28.1,160,30,9.4,No,179,Rice,365.8186942
184,21,98,6.42,20.5,170.7,30,10.6,No,129,Wheat,337.4358761
106,68,31,7.06,39.7,103.1,46,10.8,Yes,144,Wheat,377.7409814
85,46,101,7.42,29.4,78.9,88,11.1,Yes,119,Rice,380.9831574
69,70,38,7.03,18.4,259.1,30,7.9,No,139,Rice,269.6807289
114,52,22,7.21,32.2,175.6,82,9.9,Yes,108,Wheat,338.9930117
57,79,11,6.71,37.4,53.6,81,6.9,Yes,196,Corn,393.743818
193,48,38,7.17,33.6,250.7,74,12,Yes,77,Soybean,358.7608848
191,65,36,7.07,16.9,295.2,59,6.2,No,121,Soybean,302.337943
164,72,59,6.25,37.4,201.5,70,5.1,Yes,63,Soybean,323.0769722
192,55,104,6.6,34.8,175.9,76,6,Yes,73,Corn,373.5616724
141,97,97,7.11,19,269.6,32,10.4,Yes,161,Wheat,340.4479259
147,20,53,5.59,16.3,288.1,75,8.1,Yes,93,Rice,258.2275148
115,71,31,7.12,28.9,238.6,84,8.1,No,105,Wheat,311.0382326
81,86,106,5.86,18.9,161.4,40,11.7,No,169,Wheat,356.829902
135,34,12,6.53,35.9,198.1,53,11.4,No,228,Rice,405.5528654
100,80,127,7.12,24,225.2,51,7.2,Yes,81,Corn,310.0722773
112,61,28,6.01,37.8,98.6,73,6.5,No,227,Soybean,381.8936188
174,13,32,5.99,29.1,161.8,74,10.9,Yes,218,Soybean,395.2208182
199,68,39,6.31,19.6,257.5,55,11.3,No,243,Wheat,413.7106818
107,81,48,7.29,18.5,213.7,42,8.8,Yes,74,Corn,268.5453058
107,29,117,5.5,29.4,152.8,30,9.4,No,165,Soybean,353.2937038
135,72,120,7.3,34,215.8,53,6.8,No,238,Corn,433.5460184
98,63,34,5.81,34.5,79.6,39,10.6,No,115,Rice,349.4964247
119,83,137,7.48,21.9,150.4,64,9.4,Yes,91,Wheat,338.3805842
64,66,120,7.41,20.1,248.3,53,8.5,Yes,242,Wheat,381.6662763
103,99,145,6.49,15.4,105.1,57,5.4,Yes,213,Corn,405.4601041
150,50,115,6.53,32,96.5,65,11.4,No,125,Soybean,417.5153846
57,12,81,6.46,16.9,287.7,45,9.3,Yes,186,Corn,293.8327299
102,15,138,6.77,25.5,102.5,69,6.3,Yes,213,Rice,412.0111591
109,14,117,5.68,30,115.2,45,9.2,Yes,87,Soybean,313.9202011
157,14,14,5.57,38.4,292.4,88,9.7,Yes,210,Soybean,369.8051624
54,63,12,5.62,22.8,233.7,46,8.7,Yes,219,Corn,283.3131833
152,56,141,6.39,21.2,224.9,80,10,Yes,110,Rice,362.8939717
55,96,113,6.05,31.4,263.2,83,9.1,No,223,Soybean,385.1846688
158,58,73,6.74,30.5,79,44,11.6,No,138,Wheat,412.6160881
165,18,115,7.48,23.3,226.5,45,5.4,Yes,238,Rice,399.4244189
143,29,107,6.27,38.2,175.9,44,5.7,No,67,Soybean,307.3159426
96,70,19,6.65,36.1,257.3,86,6.2,No,119,Corn,297.3546455
148,44,137,6.33,20.6,177,63,9.8,Yes,131,Soybean,390.0882005
104,59,55,7.19,21,205.1,40,9.5,Yes,165,Wheat,330.8591369
101,91,75,7.3,27.8,169.4,30,11.2,No,129,Rice,343.1049554
193,71,121,7.25,34.3,169.5,44,10.1,Yes,64,Soybean,385.5404181
62,26,22,7.45,16.1,242,55,8.6,No,225,Wheat,330.3688916
163,97,146,5.56,32.3,207.1,80,11.9,No,249,Soybean,492.7831936
173,12,95,7.18,31.2,208.3,33,6.9,No,62,Soybean,315.7101071
155,41,99,7,20.8,162.6,72,10.8,Yes,168,Rice,411.1446104
196,22,67,5.96,32,182.8,34,8,No,92,Corn,311.7257611
194,98,63,7.41,38.5,236.4,64,9.5,Yes,237,Corn,470.7358758
169,82,21,5.8,16.2,256.5,42,10.1,Yes,106,Wheat,302.3108663
112,77,23,6.86,23,224.1,39,9.4,Yes,248,Wheat,366.3869656
68,23,130,5.95,26,281,40,6,Yes,66,Wheat,241.946254
141,20,130,6.36,37.5,255.1,47,8.1,Yes,227,Rice,408.695184
107,65,29,6.94,39.1,190.5,63,8.9,No,81,Corn,314.244481
139,76,84,6.63,26.1,217.9,68,10.9,Yes,199,Wheat,403.0463619
166,38,79,6.36,33.8,281.6,70,8.1,Yes,104,Wheat,345.1467015
111,18,65,6.15,28.3,204.8,71,11.4,Yes,234,Soybean,398.9558011
72,76,110,7.18,28.4,256.2,79,8.1,Yes,62,Soybean,298.3485945
176,34,141,5.79,22,222.2,52,8.8,Yes,96,Wheat,364.7349524
186,85,120,6.36,20.4,188,36,10.6,No,136,Soybean,403.2969741
189,51,134,7.31,22.2,110.5,88,9.1,Yes,111,Soybean,395.0875638
178,18,141,7.19,28.9,156.5,68,11.7,Yes,231,Soybean,475.8659033
107,88,29,6.3,15.7,291.9,32,9.6,No,78,Rice,262.5846367
171,49,147,7.03,37.7,214.4,41,8.7,Yes,71,Wheat,362.6740997
50,34,33,7.15,18.9,191.1,36,5.2,No,114,Wheat,252.7574599
83,14,46,7.28,20.5,283.2,78,7.9,No,78,Soybean,242.2967319
145,20,63,6.59,28,196.6,55,7.1,No,97,Rice,305.1400243
175,68,112,5.91,32.8,181.5,62,10.2,No,54,Soybean,364.1357136
167,97,47,6.01,17.4,239.8,66,6.5,Yes,212,Rice,370.1379282
97,88,13,6.09,22.9,228.2,77,6.4,Yes,150,Wheat,306.6062464
138,47,66,6.69,39.2,98.3,44,6.3,No,120,Soybean,376.389487
166,81,29,5.57,21.6,167.8,31,5.9,No,223,Wheat,370.6280093
178,14,26,6.77,22.8,168.1,70,7.2,Yes,212,Rice,382.8953213
65,57,128,6.23,35.9,144.6,36,11.2,No,222,Corn,429.9152684
118,99,80,6.09,16.3,179.3,61,10.4,No,190,Rice,383.6068748
71,27,13,7.26,26.6,153.3,33,10.1,No,187,Corn,315.8045684
142,79,23,6.42,24.5,99.8,49,10.6,Yes,115,Wheat,363.4407523
125,46,12,5.69,22.9,153.1,79,6.9,No,247,Wheat,381.8036559
193,69,89,7.15,22.1,68.1,82,11.2,Yes,121,Soybean,422.3432323
135,57,64,5.6,17.3,193.9,65,6,Yes,74,Corn,248.7118242
78,86,141,6.95,22.9,263.4,61,7.4,Yes,221,Rice,370.1442362
118,37,129,7.05,16.1,231.3,57,9.1,No,109,Wheat,334.5413491
96,78,33,6.21,34.5,140.1,42,5.7,No,224,Corn,388.9766525
143,86,91,7.15,25,71.8,30,10.1,Yes,89,Rice,360.5928407
193,90,69,6.53,26.1,100.5,89,7.7,Yes,56,Corn,347.3975582
134,49,58,6.43,37.3,186.4,85,10.5,Yes,223,Rice,424.4502475
88,54,72,5.59,31.5,101.8,64,8.5,No,200,Rice,365.8023165
149,71,119,6.08,15.2,186,77,6.3,No,95,Rice,307.7988874
82,67,118,7.36,38.6,107.9,59,10.1,Yes,135,Rice,418.7880237
150,76,85,6.28,20.9,262.2,83,6.8,Yes,190,Corn,394.0591791
72,65,39,6.59,17.7,149.3,65,8.4,No,70,Corn,247.8315285
59,49,67,6.56,34.2,111.4,86,5.5,Yes,50,Soybean,283.1326502
118,49,126,6.68,27.5,253.1,84,9.3,No,172,Corn,374.1320384
149,86,109,5.62,25.8,135.7,54,9.7,No,196,Corn,417.5076195
83,42,28,6.22,21.2,77.9,45,7.7,Yes,174,Soybean,336.1130388
187,15,103,6.95,28.7,192.6,87,11.7,Yes,237,Corn,482.5671905
196,97,122,5.9,21.9,195.4,48,11.1,No,82,Rice,376.4066277
145,28,72,5.91,37.5,228.7,30,10,No,53,Wheat,292.9182026
50,89,125,5.52,20.4,110.1,34,10,No,52,Wheat,286.4996712
118,49,122,6.37,37.1,160.9,80,6.8,No,140,Soybean,392.6866875
53,68,56,7.27,29,120.6,51,9.6,No,101,Corn,314.0191558
65,68,66,5.6,35.7,70.2,53,6.4,Yes,77,Corn,296.2059066
73,57,127,5.88,32.8,269.2,72,6,No,119,Soybean,315.5437294
129,50,54,6.12,32.4,232.2,74,12,No,247,Wheat,428.7425158
51,22,13,6.96,23.1,125.4,81,9.4,No,232,Rice,349.3056835
177,54,56,6.78,20.8,199.8,66,8,Yes,106,Corn,325.3908347
133,98,56,6.33,20.3,100.3,82,7,Yes,157,Soybean,362.3709304
189,62,87,7.02,36.4,272.6,65,9.2,No,193,Rice,421.3513689
173,51,133,6.72,35.5,78.7,65,5.3,No,73,Soybean,378.3789712
82,72,84,7.29,26,51,33,5.7,Yes,246,Soybean,399.973151
150,36,112,7.14,18.3,175.5,65,5.2,Yes,218,Soybean,386.5926625
61,47,146,6.01,24.6,195.8,81,8.5,Yes,126,Wheat,324.7921853
116,69,99,6.04,30.5,194.7,82,9.2,Yes,224,Wheat,425.0788003
114,16,78,5.75,26.4,63.6,47,5.4,No,125,Soybean,329.8560745
123,14,70,6.17,34.5,128.5,79,10,Yes,118,Corn,358.8908432
92,54,147,7.5,39.9,174.8,45,6.6,No,150,Rice,385.576692
93,67,59,6.31,19.8,104.1,70,9.8,No,208,Corn,371.5311331
78,40,12,5.94,26.5,268.2,47,11.9,Yes,141,Wheat,279.9293019
190,32,116,7.02,25.8,71.8,51,9.8,Yes,141,Rice,429.4433634
61,51,122,6.58,22.6,171.8,31,11.2,Yes,79,Soybean,300.514611
144,19,103,5.8,20,222.9,50,11.6,Yes,67,Corn,305.1997374
95,41,127,6.26,16.6,115.4,65,8.4,No,93,Corn,322.9786883
179,62,90,6.33,37.2,206.1,73,9.9,No,204,Soybean,453.3473256
84,39,118,7.01,25.5,257.3,68,11,No,148,Corn,352.3520716
130,48,60,5.54,27.4,97.6,76,7.5,Yes,203,Wheat,393.8275033
139,40,44,6.04,37.9,279.3,68,6.8,No,170,Soybean,345.2711472
57,91,55,6.54,34.4,188.4,58,11.6,Yes,164,Corn,360.556994
142,11,78,6.04,18.3,124.8,83,10.1,No,109,Soybean,337.0959968
139,87,102,6.76,29.1,157.7,55,6.5,Yes,195,Rice,413.991686
164,86,73,6.46,26.1,128,50,8.1,No,105,Soybean,357.7025649
154,21,58,6.22,34.9,231.3,46,10.6,No,80,Corn,337.2916138
184,48,83,7.4,33.1,249.1,45,8.8,Yes,150,Wheat,374.381878
107,75,14,6.76,32.3,258.2,89,9.5,No,108,Soybean,326.504757
163,22,109,5.76,23.5,296.4,60,10.3,No,173,Soybean,361.9075629
124,55,79,6.62,35.1,247.8,80,9.4,Yes,179,Corn,391.3614628
169,36,99,7.06,16.3,200.3,38,8.8,Yes,146,Wheat,340.5142422
70,26,13,6.92,19,134.8,60,10.2,Yes,216,Wheat,349.0334327
187,69,135,5.84,23.4,186.1,43,10.1,Yes,238,Rice,457.5084153
150,73,48,7.44,16.9,60.3,78,9.4,Yes,156,Rice,400.176374
148,97,138,6.4,20.9,236.2,66,7.5,No,240,Corn,433.052454
85,44,33,5.82,35.8,161.5,31,7.8,Yes,67,Wheat,257.8510519
145,79,66,5.86,38.7,55,81,11.8,No,194,Wheat,462.8343845
86,92,109,5.7,22.6,65.6,77,5.8,No,216,Rice,404.7146565
61,39,79,7.11,21.6,146.9,75,6.9,Yes,120,Rice,282.6642383
162,80,50,5.74,22,195.9,43,8.4,No,155,Corn,352.4493287
62,83,69,5.75,21.9,166.1,88,10.9,No,103,Wheat,336.1419281
72,72,117,7.2,15.9,204.8,62,6.1,Yes,143,Soybean,319.3433505
148,37,66,6.19,38.2,170.1,64,6.9,No,125,Rice,354.4707338
154,69,40,5.56,20.3,215.4,87,5.5,Yes,84,Corn,286.6076475
79,88,93,5.6,25.5,104.8,68,9.9,Yes,60,Wheat,315.7154235
66,46,45,5.78,15.2,78.2,87,6.7,Yes,110,Wheat,277.7771134
162,31,117,5.93,36.4,199.1,76,7.7,No,93,Rice,370.3667527
111,77,115,6.83,33.3,171.2,80,8.1,No,170,Corn,406.0185928
133,29,95,5.81,38.7,56.7,49,11.2,No,117,Soybean,405.2018347
161,77,144,5.74,34.5,145.1,31,7.9,No,74,Rice,374.8459614
135,73,23,7.03,22.8,76.5,80,6,Yes,225,Corn,400.8983033
190,26,129,6.84,21.2,182.8,70,8.7,No,209,Wheat,431.7297616
68,21,147,6.37,32.4,148.9,48,11.7,Yes,133,Soybean,359.8963114
149,31,89,6.6,24.1,203.3,88,9.3,No,163,Corn,381.1503367
189,26,115,6.12,29.2,251.4,66,11.9,No,181,Soybean,409.2457095
196,19,79,6.47,15.2,124.9,47,10.9,No,215,Corn,401.5473932
125,74,53,6.51,16.5,290.5,45,5.3,No,240,Corn,351.3975757
58,31,82,6.27,28.4,183.9,33,9.6,No,224,Corn,363.6178701
77,99,54,7.31,29.2,204.6,41,7,Yes,50,Corn,276.6052071
177,91,116,5.53,33.8,220.2,58,8.9,No,180,Soybean,421.8662163
101,59,93,7.06,18.3,216.7,36,7,No,135,Rice,322.1801177
132,23,91,5.75,27.8,177.7,43,7.4,No,111,Soybean,311.7353102
160,73,116,7.1,19.9,157.2,84,11.5,No,113,Corn,403.5887617
193,56,30,6.73,17.3,63.4,41,6.4,Yes,194,Soybean,369.5337799
166,38,16,7.19,25.3,55.5,64,11.1,No,175,Soybean,402.4026467
118,85,79,5.7,19.1,139.5,34,5.2,Yes,154,Soybean,317.2417894
148,45,136,6.62,20.5,133.4,46,5.6,No,111,Corn,339.3651246
189,61,129,6.5,22.9,146.9,87,11,Yes,84,Soybean,381.4650103
74,85,137,6.91,21.5,84.6,71,9.4,Yes,62,Wheat,339.2188093
172,16,66,6.57,17.2,234.5,61,10.2,Yes,212,Corn,389.3861031
102,38,67,6.58,17.2,264.2,39,6.5,Yes,92,Soybean,236.3214061
193,20,30,6.36,19.8,284.7,72,8.8,Yes,179,Wheat,336.6865848
106,42,91,6.12,16.3,173.1,46,10.2,No,233,Soybean,367.2905838
88,15,78,6.46,30.7,225.2,34,9.4,Yes,160,Rice,325.6149867
158,88,140,5.74,22.2,263.9,74,8.3,No,177,Soybean,389.1539665
91,41,96,7.42,22,154.6,71,11.7,Yes,100,Soybean,336.1393475
191,60,58,6.93,23.3,127.4,38,9.7,Yes,231,Rice,422.4853926
171,84,124,7.4,31.6,284.2,78,11.4,No,193,Corn,472.2528641
182,67,98,5.95,36.8,178.9,62,10.1,Yes,195,Rice,446.8519863
124,96,94,7.26,34,174.3,65,10.1,Yes,184,Corn,439.0371533
195,35,137,7.12,33.2,94.6,65,5.6,Yes,94,Rice,403.3116983
125,55,149,6.85,27.1,77,47,7.5,Yes,213,Soybean,434.2811995
58,38,126,6.75,32.3,260.5,38,11,No,218,Soybean,374.6633768
123,13,136,6.13,28.8,203.5,86,6.6,Yes,91,Corn,321.3475632
194,90,80,7.13,20.4,131.5,58,5.8,Yes,184,Corn,405.6953685
56,22,95,6.5,20.2,97.9,79,7.3,No,64,Wheat,262.7419767
190,48,42,5.64,22.4,188.9,43,6.5,No,109,Wheat,297.8513403
186,24,90,6.13,37.8,196,54,11.5,Yes,89,Soybean,392.6637542
76,38,70,7.37,28.7,101.7,44,11.1,Yes,214,Soybean,396.8491237
171,38,70,7.2,33.3,262.9,35,8.5,No,243,Wheat,431.3771724
54,84,107,7.46,23.7,71.1,85,5.4,Yes,161,Wheat,360.9393774
78,41,37,6.76,25.2,139,71,10,No,232,Corn,368.4839641
132,11,52,6,18.1,220.1,58,9.4,Yes,126,Rice,284.1022179
185,56,95,5.83,19.3,118.5,44,11.8,No,154,Corn,389.6792811
158,87,26,5.87,35.7,256.9,58,8.9,No,156,Wheat,361.6849993
114,93,107,5.54,29.6,235,33,7.4,No,171,Soybean,349.8906338
135,31,107,6.28,23.4,247.3,47,8.6,Yes,129,Wheat,315.9080903
194,84,74,5.88,35.1,79.8,79,11.9,Yes,174,Soybean,469.1171501
120,36,83,6.32,21.2,85.1,86,9.9,Yes,233,Soybean,426.6338612
94,76,94,7.37,39.4,121.6,78,9.7,Yes,221,Soybean,462.7027643
181,90,14,6.36,23.6,179.5,73,6.7,No,234,Soybean,423.104323
85,65,11,7.26,23.4,237,68,10.2,No,183,Rice,329.5610621
119,30,31,6.71,22.8,259.1,45,10.3,No,81,Wheat,276.5348059
68,56,121,5.99,18.1,226.1,40,7.2,Yes,157,Corn,300.9393759
157,89,66,6.21,17.8,282.1,43,8.4,Yes,163,Soybean,318.9068101
140,68,75,5.67,31.2,234.7,32,7.1,Yes,195,Soybean,378.8927081
139,93,83,6.17,36.9,126.6,80,6.8,No,117,Corn,407.7053644
68,15,107,6.86,34.8,116.3,79,5.2,Yes,176,Corn,373.5309648
88,28,121,5.64,18.5,224,71,7,Yes,184,Soybean,331.1978496
175,66,134,5.91,28.6,98.2,67,8.9,No,163,Corn,430.6459494
190,78,95,6.26,17.6,73.2,74,5,No,57,Corn,331.1205203
175,12,85,7.46,16.1,183.1,71,7,Yes,113,Rice,345.6870125
107,10,97,7.07,31.4,255.4,47,11.2,No,184,Corn,367.4472676
197,67,47,6.97,28.4,75.3,87,9.2,Yes,90,Wheat,409.079398
110,47,68,5.73,17.1,248,49,9.3,No,89,Wheat,262.9486242
176,24,147,7.06,15.9,252.9,87,7.8,No,52,Wheat,315.3965331
154,43,108,7.07,39.7,170.6,77,9.7,No,194,Soybean,446.4669954
50,70,72,6.7,15.8,64.3,54,6.3,Yes,243,Wheat,357.4028391
180,44,58,7.48,26.1,93.6,86,10.7,Yes,159,Rice,431.7214583
141,73,41,6.15,27.6,226.9,67,5.8,Yes,163,Wheat,327.4750665
162,34,144,7.38,17.9,227.9,42,9.6,No,161,Soybean,370.2366252
105,33,30,7.33,19.2,274.6,33,7.4,No,229,Rice,335.3248263
166,21,29,5.52,23.8,195.7,84,10.2,No,199,Wheat,367.4145069
183,27,136,6.4,34,81,43,8.8,No,53,Rice,375.7270492
107,24,77,7.45,27.7,80.4,62,8.2,Yes,183,Rice,366.4898819
93,89,119,5.71,30.9,230.3,57,6.2,Yes,215,Soybean,396.6408704
110,36,125,6.6,39.6,95.9,81,9.5,Yes,75,Soybean,362.1176816
96,81,129,7.46,34.2,132.1,66,11.8,No,188,Rice,436.5160626
198,69,88,6.61,25.9,171.8,37,10.8,No,66,Wheat,357.3434258
129,55,125,5.88,26.2,56.2,73,5.4,Yes,141,Soybean,381.7640813
167,98,101,6.66,30.5,112.2,63,7.6,No,80,Rice,384.9098744
196,26,23,5.91,31.6,152,73,11.5,Yes,212,Corn,415.3173737
69,62,134,6.54,27.5,119.9,34,8.5,No,193,Corn,375.5519459
195,17,67,5.65,31.1,84.1,83,9.6,No,156,Soybean,408.2092179
96,88,37,6.71,15.6,232,34,11.4,Yes,195,Wheat,320.998112
98,36,35,6.53,25.7,253.3,60,11.1,Yes,160,Corn,327.2989746
63,55,122,6.98,22,114.4,74,8.5,No,150,Corn,366.6505145
192,59,75,6.76,18.2,243.6,38,8.1,Yes,161,Corn,351.7113379
50,80,140,6.6,17.5,146.4,71,7.4,Yes,111,Wheat,331.047113
166,12,53,6.88,30.1,176.7,61,10,No,161,Wheat,370.7029978
103,73,106,5.79,28.1,264,62,7,No,204,Soybean,380.4846732
167,53,51,6.69,21.3,237.5,32,6.7,No,212,Soybean,364.1223906
52,62,15,5.84,26.8,251.3,59,7.5,Yes,165,Corn,266.1043281
193,33,32,7.35,27.3,84.2,79,6.2,No,222,Wheat,453.9752427
61,69,98,5.64,19.9,67.4,41,9.9,No,84,Rice,289.0752247
123,12,132,6.36,31.3,273.4,58,9.3,No,77,Corn,323.1711774
65,29,60,6.89,34.5,147,32,8.4,No,152,Soybean,324.3564912
151,55,20,6.42,34.8,122,55,7.7,No,174,Wheat,383.5444122
166,24,21,5.68,30.1,231.2,86,11.4,Yes,151,Soybean,368.9720678
57,34,83,6.61,27.8,259.1,59,5.2,No,186,Soybean,317.3385118
171,87,17,6.78,16.5,265.6,38,10.4,No,192,Wheat,348.8585344
141,80,50,6.91,22.2,129,55,11.3,Yes,70,Corn,333.516656
139,26,94,6.25,17.3,263.1,31,8.1,No,101,Wheat,280.5459985
185,93,81,6.63,39.1,60.2,32,8.9,No,212,Corn,475.095612
109,18,64,6.4,18.4,62.4,75,11.6,Yes,146,Soybean,354.8868347
77,47,146,6.84,18.8,205.9,33,6.5,No,100,Wheat,286.9356483
150,57,56,6.67,37.2,65.8,54,8.6,Yes,132,Rice,411.3154075
90,69,113,6.55,38.6,131.2,80,8.3,No,104,Corn,368.3097265
194,72,51,6,34.1,218.2,42,6.8,Yes,126,Rice,366.2258742
190,95,69,5.5,15.1,134.3,68,10.7,Yes,176,Corn,396.3436358
95,11,21,5.85,15,94.9,73,11.3,No,221,Wheat,345.5068534
84,97,139,5.73,24.5,120.3,64,10.5,Yes,242,Rice,471.4039935
183,81,16,6.4,18.6,164.4,84,6.4,Yes,142,Wheat,355.120242
131,20,89,6.72,15.5,168.8,52,5.6,No,137,Corn,313.4151346
164,73,140,5.93,26.6,245.8,38,9.2,No,129,Corn,371.5922777
96,86,118,7.38,38.6,237.5,31,5.4,Yes,202,Corn,402.2729971
59,90,12,5.51,23.1,164.2,83,9.7,No,141,Corn,308.4381001
105,81,36,7.04,31.5,261.4,70,8.7,Yes,96,Soybean,316.5822187
79,30,123,6.75,31.3,78.6,73,9.6,Yes,233,Corn,425.7943172
158,27,116,6.25,21.3,113.8,60,9.1,No,87,Rice,353.3792354
54,73,49,5.6,31.3,257,73,8,No,188,Corn,322.6323944
168,91,138,6.75,20.3,144.5,76,6.4,Yes,244,Wheat,468.8174248
82,47,17,6.27,18.1,295.3,31,7.1,No,64,Soybean,173.9888005
167,41,110,7.37,32.5,166.6,61,8.7,No,50,Rice,355.4817959
114,20,133,6.58,17.8,248,47,9.6,Yes,184,Soybean,327.4810365
195,54,116,7.38,39.9,150.6,42,10.5,Yes,50,Soybean,384.3208453
60,98,110,5.94,19.6,156.2,75,10.4,Yes,98,Soybean,302.0044841
134,42,13,6.95,29.9,145.7,34,11.8,Yes,145,Wheat,354.2903673
75,50,119,6.73,25.3,229.8,87,7,Yes,206,Soybean,374.8326988
112,17,28,6.98,18.2,186.9,71,5.5,Yes,75,Soybean,241.412126
135,20,41,5.93,15.7,285.9,73,7.4,No,136,Corn,292.8640805
108,95,146,6.83,30.6,112.7,39,10.2,Yes,222,Wheat,442.5933351
76,60,21,6.5,35.2,75.1,85,8.1,No,142,Rice,322.6680617
147,97,148,6.99,36.1,148.3,72,10.7,No,151,Rice,459.4763503
154,50,55,6.15,27.1,204.2,54,8.8,Yes,120,Rice,314.1940128
148,26,128,7.28,34.4,265.2,63,11.5,No,189,Wheat,415.3099036
178,85,25,5.67,31.8,136.5,66,11.6,Yes,144,Rice,389.7265343
198,55,138,7.11,33.1,213.4,59,5.5,No,209,Wheat,433.4800615
104,41,72,7.22,27.3,137.5,36,8.2,Yes,167,Corn,346.6627241
55,88,118,7.13,30.8,204.3,35,9.3,Yes,197,Corn,361.2871811
144,89,128,6.53,35.1,271.2,83,6.8,Yes,168,Wheat,409.0838319
182,63,30,6.38,24.9,107.8,84,7.8,Yes,100,Rice,342.6525474
151,95,22,7.49,35.1,151.1,32,9.7,No,130,Wheat,370.481464
52,29,13,5.96,29.8,298.3,42,6.6,No,85,Wheat,216.060077
72,42,111,6.59,19.1,267.1,32,9.2,No,116,Soybean,283.1037277
102,83,68,6.84,15.6,191.2,55,9.9,No,178,Wheat,347.4428931
132,49,137,6.9,24.1,179.2,86,5.6,No,163,Soybean,375.7726268
194,41,36,5.91,28.7,121.2,53,8.5,Yes,204,Corn,408.9517712
134,11,78,6.81,36,179.3,82,6.8,Yes,160,Soybean,369.7828088
127,42,34,7.14,18.2,262,35,10.1,Yes,217,Wheat,345.3112346
159,86,140,5.6,35,221.3,72,6.3,Yes,191,Corn,407.9871478
50,39,106,7.32,36.6,122.5,89,11.2,Yes,149,Soybean,398.9726106
100,42,34,5.56,18.8,100.4,87,8,No,246,Wheat,380.7521656
53,86,135,6.21,36.3,116.3,78,6.4,Yes,158,Corn,405.6251668
162,35,142,5.53,39.8,92.4,71,8.1,Yes,169,Soybean,455.1806146
81,31,18,5.65,33.2,73.9,41,7.9,No,128,Wheat,307.5818694
83,75,125,7.32,34.6,154.8,78,8,No,183,Wheat,413.0000703
141,47,143,6.21,39.9,78.3,65,9.1,Yes,210,Rice,464.7439564
144,99,69,6.35,30.1,93,31,8.6,Yes,232,Rice,441.524093
121,55,130,5.93,22.7,186.8,40,6,No,68,Soybean,284.8453021
88,24,148,6.69,35.9,91.1,68,5.5,Yes,176,Soybean,409.6636463
167,53,117,6.69,30.4,66,63,10.1,Yes,78,Soybean,393.5082316
52,58,117,6.24,29.5,129.3,55,8.9,Yes,238,Wheat,404.6199713
172,84,140,6.17,21.3,105.1,47,7.5,No,247,Soybean,465.6252613
99,70,85,7.27,33.9,178.8,50,10.7,Yes,73,Wheat,322.3437306
61,76,39,6.27,17,75.6,65,7.7,Yes,200,Soybean,331.2586376
103,15,30,6.49,38.1,237.9,69,10.6,No,59,Wheat,273.8529055
182,18,43,6.07,23.1,276.6,81,7.1,No,231,Wheat,390.2549691
106,15,50,7.07,18.2,235.9,75,5.5,No,154,Rice,285.3627841
194,82,60,6.29,26.1,183.2,73,11.5,Yes,218,Corn,440.6484029
161,41,91,6.53,16.1,265.2,51,7.8,No,226,Wheat,379.1351713
96,50,67,6.01,32.1,223.7,82,10.5,Yes,194,Soybean,376.7395088
134,85,84,7.48,37.6,52.6,88,7,No,233,Rice,480.5820576
191,17,32,6.08,35.9,148.5,59,9.5,Yes,222,Soybean,421.8344503
115,81,137,7.04,18.2,262.7,79,11.1,No,207,Soybean,386.8036832
124,59,26,6.35,18.2,136.5,72,5.3,Yes,221,Wheat,348.1311847
152,71,78,5.91,35.3,58.8,89,10.8,Yes,104,Wheat,419.1556314
87,93,117,7.1,38.1,236.5,59,9,No,196,Corn,404.806019
99,71,148,6.17,26.5,250.5,37,9.3,No,206,Wheat,364.1951029
147,16,103,7.23,27.5,90.1,63,8.7,Yes,51,Wheat,324.3000576
131,84,24,7.33,23,184.3,86,11.1,No,213,Corn,412.6385396
79,93,100,7.22,37.4,98,76,5.3,Yes,196,Soybean,420.3003461
128,89,42,5.57,31.1,229.8,38,6.8,No,184,Corn,339.8971939
140,13,134,7.07,22.2,117.9,80,11.1,No,203,Corn,429.4279595
101,15,25,6.32,22.5,129.1,49,10.3,Yes,160,Corn,305.3580401
128,67,75,7.25,37.3,261.2,69,5.1,No,87,Rice,324.8418504
79,31,56,6.78,15.3,169.1,54,8.6,No,180,Soybean,322.1587042
155,35,133,7.17,23.1,217.4,48,8.7,Yes,151,Rice,386.6088
100,12,10,6.5,28.9,150.6,34,7.8,Yes,243,Rice,340.9741264
130,50,96,6.57,18.7,124.5,40,7.1,No,144,Wheat,352.1552298
182,69,137,5.79,17.3,206.4,44,9.8,Yes,141,Corn,372.7538791
78,23,76,7.07,35.4,88.7,37,6.5,No,120,Corn,323.3257196
181,84,13,6.34,37.4,143.2,48,10.6,No,220,Rice,448.3959204
187,91,56,6.5,35.6,102.3,52,10.6,Yes,239,Wheat,475.930461
194,21,47,7.07,37.5,223.9,56,7.9,Yes,248,Wheat,417.68197
123,96,30,6.7,28.8,286.1,69,7,Yes,73,Wheat,290.0286155
66,21,66,5.9,35.3,298.9,61,7,Yes,216,Soybean,334.1057074
133,22,126,6.68,24.6,162.6,55,8.4,Yes,117,Rice,343.0772315
118,34,55,6.32,31.7,113.1,56,10,Yes,177,Soybean,385.6053134
83,54,48,6.44,39.7,160.7,48,7.5,No,142,Wheat,343.5294346
55,28,146,5.56,20.6,261.8,79,9.3,No,93,Wheat,265.4199369
102,64,108,5.92,24.7,101.5,71,7.7,Yes,182,Wheat,385.1251297
175,54,86,6.06,27,288,58,7.1,No,104,Corn,299.2243739
92,17,124,6.93,18.5,135.5,68,5.2,No,207,Rice,362.8630681
164,62,143,5.52,17,296.5,89,5,No,78,Corn,300.2725776
160,64,100,6.32,35.7,259.7,70,6.6,No,203,Soybean,416.5790902
129,41,107,7.35,39.4,252.1,62,7.8,Yes,203,Corn,402.5494477
144,60,129,5.72,25.1,129.5,48,11,No,86,Rice,349.4851346
167,53,55,6.53,17.2,52.2,66,10.6,No,164,Corn,362.899428
193,91,47,7.07,16.6,145.5,48,6.9,Yes,230,Wheat,419.4750382
57,79,109,7.39,37.3,125.5,62,6.7,Yes,207,Soybean,407.0160008
181,27,81,6.99,26.6,59.3,76,6.6,Yes,52,Soybean,345.3124144
153,92,44,6.94,23,176.3,45,7.4,Yes,171,Wheat,349.0056926
181,31,39,7.15,26.9,150.8,52,8.5,No,92,Wheat,338.2206217
74,46,87,6.39,23,208.6,36,8.1,Yes,56,Wheat,262.407497
145,65,93,7.11,27.2,205.3,55,6.5,No,174,Rice,376.1908728
142,68,122,5.52,36.5,80.2,61,5.9,No,98,Corn,377.6608891
110,12,34,7.35,29.8,294.2,41,5.1,Yes,170,Soybean,285.7537898
171,37,97,6.39,32.4,96.7,37,6.1,Yes,122,Corn,366.1914381
100,83,23,6.61,24.1,161.3,34,9.9,Yes,90,Wheat,271.3265939
196,44,111,6.01,33.5,172,71,6.7,Yes,155,Wheat,418.181218
70,70,92,6.99,31.7,253.3,57,8.3,Yes,126,Corn,322.6384058
54,63,119,5.65,18,74.8,82,9.1,Yes,231,Soybean,383.9471361
141,72,140,7.25,29.3,157.2,34,11.2,No,176,Rice,418.3413782
110,88,28,7.16,21.4,207.1,78,11.2,No,246,Corn,408.7908617
71,16,37,5.93,35.1,103.8,55,10.2,No,140,Wheat,335.5786502
198,85,80,7.12,25.6,206.9,34,5.2,No,204,Wheat,417.715272
119,58,72,7.07,39.9,280.9,51,9,Yes,57,Rice,303.3787462
50,94,82,6.76,17.3,299.4,44,10.5,Yes,81,Corn,237.7735133
182,40,133,6.25,34.5,58.1,42,5.1,No,113,Rice,392.7646514
61,67,128,6.04,31.8,108.9,57,8.8,No,187,Rice,406.568824
139,70,130,5.96,34.2,127.6,62,11,No,62,Soybean,351.9525159
95,33,28,6.14,22.7,149.8,72,8.3,Yes,240,Soybean,357.3940435
83,29,129,7.31,27.3,110.6,52,5,Yes,142,Wheat,349.6896434
127,46,70,5.66,34.9,100.9,62,5.1,Yes,212,Corn,396.7559914
94,13,39,7.16,20.8,288.6,72,7.9,No,110,Soybean,258.0298027
122,29,18,6.2,20.7,279.6,47,6.1,No,231,Wheat,319.1811387
75,69,73,6.54,28.8,61.7,79,9.7,Yes,57,Corn,330.035452
96,33,129,7.09,28.1,134.7,82,10,Yes,78,Wheat,346.4766366
170,59,61,7.27,22.1,151.3,59,6.2,No,144,Soybean,358.7799231
105,58,98,6.19,22.5,109.8,55,11.2,No,90,Wheat,337.4302417
143,60,62,6.42,21.9,207.2,45,8.1,Yes,207,Corn,365.3548512
156,45,87,6.33,34.3,210.1,42,6,No,198,Corn,397.4052356
112,75,50,5.53,31.3,262.6,68,10.3,Yes,60,Wheat,305.6473968
97,88,77,6.09,35.8,235.2,62,10.5,Yes,51,Corn,296.3305803
110,43,17,6.42,39.4,185.6,55,9.5,No,227,Wheat,379.2797447
130,45,11,6.32,26.9,213.4,77,11,No,218,Corn,385.2371924
75,15,114,6.94,16.7,118.5,30,10.2,No,243,Wheat,365.6449548
85,48,134,6.27,16.2,198.3,78,11.2,Yes,180,Wheat,355.9142252
50,51,119,6.48,22.4,172.3,67,8,No,129,Wheat,293.4479423
57,67,95,6.36,38.3,83.3,31,10.2,No,228,Rice,409.6174775
162,21,129,6.98,28.1,110.6,78,12,Yes,245,Corn,488.450097
148,12,136,7.23,21.8,122.9,35,10.1,Yes,136,Soybean,367.7463701
96,27,25,6.56,25,281.1,75,5.8,No,202,Wheat,327.0833318
176,49,71,7.08,30,107.6,79,8.6,Yes,207,Rice,460.2388727
105,30,122,6.09,31.3,122.3,67,9.1,Yes,155,Soybean,400.6284396
63,24,21,6.58,18.8,142.3,71,6.2,Yes,188,Wheat,301.8052847
77,35,44,6.19,39.4,215.9,53,11.7,No,66,Soybean,300.5581906
127,17,20,6.33,28.6,79.6,47,6.2,No,203,Rice,360.5685265
179,96,73,6.96,18.4,288.5,56,6.2,Yes,72,Soybean,300.4838231
158,51,59,7.26,37.3,266.4,70,11.4,Yes,233,Wheat,438.9461392
63,53,78,5.74,16.9,194.3,37,8.3,Yes,229,Soybean,305.7085321
105,23,57,6.77,37.7,218.5,57,5.4,No,97,Soybean,301.6729146
164,87,29,6.66,39.9,54.2,39,9.2,Yes,69,Wheat,373.7013624
56,11,110,5.74,32.5,134.7,46,9.2,Yes,51,Rice,255.1038207
52,46,146,5.92,34.3,248.9,84,5.5,No,137,Rice,327.8230134
160,78,77,6.12,23.4,69.4,58,11.8,Yes,80,Soybean,374.2364717
156,47,44,5.83,38.5,120.6,87,8.8,No,204,Corn,427.1850122
67,50,74,5.99,28.2,196.3,35,8.9,No,179,Soybean,336.4710367
87,71,17,6.04,33.3,114.1,43,8.6,No,127,Corn,315.0771697
164,69,54,6.17,38.1,283.5,51,9.3,Yes,53,Soybean,304.0484147
64,23,96,7,39.4,82.8,83,6.9,Yes,190,Rice,412.0428691
168,98,85,6.64,35.8,249.3,35,7,No,212,Soybean,405.9024626
77,93,85,7.47,22.6,177,55,8.6,Yes,177,Soybean,354.3509597
88,11,56,6.33,39.2,237.6,68,10.6,No,249,Corn,391.3245412
66,79,24,7.01,30.7,127.7,41,5.3,Yes,243,Rice,353.6340473
135,26,114,7.24,38.3,178.6,64,9.2,No,183,Corn,423.5103392
175,98,35,6.86,31.9,264.2,43,10.6,No,80,Soybean,327.830654
93,37,61,6.32,22.7,166.7,51,6.1,Yes,187,Wheat,330.346131
74,75,102,7.01,24.3,139.9,80,5.1,Yes,70,Soybean,281.1735966
194,44,30,5.91,28.8,184,52,7.2,Yes,72,Soybean,296.0745191
62,14,60,6.16,34.8,229.3,77,9.1,Yes,180,Corn,337.0557909
74,74,47,6.59,22.9,160.9,36,6,No,209,Wheat,345.616806
117,49,29,6.65,29.5,284.7,69,8,No,197,Wheat,349.8450215
187,85,141,5.54,23.6,123.7,79,8.9,Yes,78,Corn,378.1660941
116,65,64,7.39,35.4,168.9,54,9.2,Yes,154,Rice,364.5246865
158,45,101,6.89,26.7,239.2,42,6.9,No,101,Wheat,316.9815395
195,54,37,6.49,16.9,222.3,50,7.8,Yes,164,Wheat,344.7151588
160,32,13,7.37,19.2,265.9,70,10.4,Yes,223,Corn,350.9430811
160,56,85,6.38,16.5,299.2,39,11.6,Yes,211,Rice,359.7262993
83,40,76,7.46,27.5,156.7,82,11,Yes,150,Rice,360.7844404
160,20,95,6.52,17.7,77.8,84,8.9,No,133,Soybean,372.7659139
57,19,100,5.73,17.9,57.6,88,7.9,No,110,Soybean,304.7366352
162,76,114,7.03,38.5,231.7,38,7.3,Yes,174,Corn,404.1513222
132,23,10,6.86,36.8,268.5,44,5.9,No,249,Rice,371.3587318
91,89,81,7.05,26.3,105.2,81,5.7,Yes,120,Corn,348.907069
150,83,96,7.4,39.6,89.6,31,9.8,Yes,119,Soybean,405.7793672
55,19,15,7.05,15,65.6,54,6.8,Yes,188,Corn,306.8177538
75,85,70,6.72,30.3,255.7,42,6.8,No,157,Corn,322.4794062
113,10,21,7.21,30.4,127.8,63,12,No,240,Wheat,396.2020145
108,14,15,6.85,26.4,150.4,80,6.3,No,70,Wheat,268.5997243
158,29,36,6.32,24.9,175.7,87,6,No,180,Wheat,370.3626053
170,17,145,7.27,26.4,259.9,63,5.7,No,131,Soybean,370.7948928
82,52,133,5.94,25.4,212.7,64,9.1,Yes,137,Corn,340.8690879
199,85,115,6.93,33.3,203.8,67,9.4,Yes,160,Wheat,440.3071144
70,10,102,7.26,18.4,93.9,32,7.6,No,59,Wheat,263.0331979
119,66,118,6.96,19.9,178.3,71,8.7,No,204,Wheat,409.7177343
161,73,108,6.89,19.5,228.8,85,10.5,No,61,Soybean,340.4983195
53,93,44,7.01,21.6,293.3,88,10.7,Yes,56,Soybean,260.0260415
143,37,93,6.43,28.1,100.4,35,11.7,No,194,Corn,410.1219685
124,46,65,7.25,17.8,52.4,84,10.8,Yes,242,Corn,427.252148
111,56,58,5.91,36.7,68.8,77,9,Yes,241,Corn,440.5963588
143,85,55,5.75,22.4,144,78,6.3,No,163,Wheat,354.0288605
144,46,122,6.07,19.1,255.1,48,5.7,Yes,75,Rice,273.2407862
104,58,145,6.56,31.9,51.8,32,5.4,Yes,64,Soybean,342.1783449
186,53,52,6.52,16,164.2,47,9.7,No,82,Wheat,324.7755738
180,65,133,7.14,30.5,132.3,68,10.7,Yes,111,Wheat,405.8050091
80,37,106,6.31,32.5,63.1,38,8.6,No,96,Corn,317.7312122
89,88,99,6.47,20.4,162.6,81,5.4,Yes,144,Corn,333.7443796
85,15,48,5.53,16,113.7,41,8.7,No,84,Wheat,238.7536777
55,70,94,6.32,24.1,138,34,11.6,No,242,Soybean,393.2741827
115,29,71,6.8,17.5,226.4,32,9.2,Yes,249,Soybean,351.2841492
124,87,115,5.53,17.9,180.4,40,10.7,No,125,Wheat,347.2053196
53,11,116,6.06,21.4,81.2,86,10.6,Yes,172,Rice,362.1199446
128,82,63,5.92,22.4,290.4,59,11.5,Yes,132,Rice,322.5148796
183,46,135,5.58,28.2,209,33,10.4,No,74,Soybean,342.4568056
167,29,18,6.46,32,241.5,34,10.2,Yes,106,Corn,307.1249193
162,35,97,5.86,29.8,69.8,30,6.6,No,81,Rice,310.8335743
143,38,46,6.99,18.7,61.8,56,5.4,Yes,112,Rice,318.5592598
111,10,58,7.2,19.3,54.9,57,8.6,Yes,61,Corn,286.2125361
128,44,50,6.59,37,97.2,58,5.9,No,112,Rice,333.8154299
185,79,26,7.46,29,153.6,47,11.7,Yes,126,Wheat,397.0542983
75,68,97,6.4,36.7,284,41,7,Yes,141,Rice,324.0943801
93,78,30,6.53,24.3,164.3,42,11,Yes,50,Corn,293.3285671
182,42,60,7.48,30.4,122.6,70,7.7,Yes,228,Wheat,457.328285
119,60,68,5.96,28.1,190.5,31,7.3,Yes,119,Rice,299.3656493
167,87,50,7.39,23,78,66,11.5,Yes,185,Soybean,426.3421062
117,21,48,5.59,26.7,202.4,74,7.5,Yes,245,Wheat,369.376944
68,29,20,6.39,27.6,192.1,45,7.7,Yes,182,Wheat,294.9137138
69,62,148,5.64,20,248,77,5.7,No,135,Soybean,308.1878336
162,97,86,6.96,22.9,296.7,53,9.7,Yes,88,Soybean,312.9720262
189,52,136,6.72,34.8,112.7,64,7,Yes,72,Rice,395.4328656
96,98,55,6.91,37.9,177.4,51,9.1,No,117,Rice,350.9319637
50,59,54,6.25,24,277.2,65,9.1,No,229,Corn,340.0846431
139,38,10,6.24,22.7,246.3,40,10,No,53,Corn,233.7985352
191,66,117,5.59,19.9,171.9,84,10.2,Yes,175,Wheat,423.8868877
113,48,28,6.2,32,286.3,87,8.6,No,224,Soybean,384.7317658
87,65,85,7.36,23.1,64.3,75,7.3,No,70,Soybean,311.3349275
86,52,81,6.26,39.7,282.7,58,10.9,Yes,233,Corn,390.8814429
175,59,118,7.16,23.1,62.6,64,7.2,Yes,154,Wheat,425.1995747
188,32,21,7.18,24.9,186.8,77,8.6,No,115,Wheat,337.0494895
149,53,54,6.25,30.1,272.6,83,7.8,No,236,Corn,399.9471602
126,47,99,6.76,35,115.7,44,11,Yes,56,Corn,356.5173268
52,93,112,5.69,26.7,168.1,89,8,Yes,98,Corn,309.9433111
183,32,17,5.71,25.6,131.1,60,7.7,Yes,65,Rice,312.924421
59,54,100,5.6,39.9,288,71,9.8,Yes,194,Wheat,361.4421826
54,61,96,6.66,15.3,255.9,70,9.2,Yes,133,Wheat,279.3079867
187,89,93,6.35,37.4,227.3,72,5.8,No,136,Wheat,402.8770416
179,59,91,6.6,18.7,196.9,45,8.6,Yes,147,Corn,362.3974813
62,17,77,6.54,34.6,255.1,39,10.1,Yes,124,Corn,295.0118026
179,94,136,6.2,30.4,148.1,78,11.9,Yes,83,Corn,405.8928174
133,10,91,6.85,23.5,161.9,61,9.4,Yes,210,Corn,393.5245295
114,17,93,7.02,36.8,232.5,80,7.6,Yes,75,Soybean,298.9236945
112,38,122,5.53,15.3,139.4,31,6.6,No,115,Corn,293.9076474
150,14,85,5.91,20.7,66,53,11.1,Yes,174,Rice,399.872492
122,95,131,6.93,29.2,68.6,52,10.7,No,112,Soybean,384.925713
66,56,50,6.27,23.8,78.8,31,6.6,Yes,136,Soybean,290.3722478
58,43,11,6.82,30.3,267.4,67,6.4,No,90,Corn,232.3736019
192,74,38,6.19,15.6,168.1,60,10,No,235,Wheat,398.7694597
87,64,114,6.28,17.9,228.2,80,7.2,Yes,147,Corn,304.9312558
143,99,60,5.82,18.2,148.2,69,7.1,Yes,173,Wheat,352.1516408
144,52,84,6.02,19.7,114.7,55,6.1,Yes,128,Corn,330.2362338
98,83,19,6.71,26.5,136.8,58,6.8,Yes,59,Corn,284.1313705
118,39,60,6.37,33.8,248.5,32,8,Yes,64,Wheat,255.4728549
111,91,127,7.05,37.6,206.3,87,10.1,No,91,Wheat,389.5839276
127,26,130,7.21,35.9,284.4,43,7.4,Yes,142,Wheat,356.2164159
166,35,48,6.58,19.9,219.9,54,7.3,Yes,234,Wheat,394.9396296
169,17,37,7.02,26,192.5,77,7,No,66,Rice,306.9103146
186,56,12,6.11,20,202.5,30,8.3,Yes,237,Wheat,380.1859949
125,85,93,6.33,21.6,285.6,82,6.3,No,58,Corn,288.873004
84,81,126,6.93,27.6,247.1,32,8.4,Yes,163,Corn,338.3376798
50,98,11,6.27,16.7,56,83,9.9,No,85,Rice,279.9717748
89,55,102,6.68,20.5,183.5,55,5.2,Yes,85,Wheat,288.5686816
113,77,140,5.87,38.4,222.1,47,5.1,No,97,Corn,313.3720014
199,42,103,6.7,26.7,237.2,38,5.5,No,100,Rice,325.9368893
109,10,49,7.22,26.1,103.3,67,8.7,Yes,146,Corn,332.1319074
113,28,11,7.24,15.4,266.8,52,11,Yes,168,Rice,303.2824404
142,40,90,6.95,21.2,289,50,5,Yes,144,Rice,305.2839141
121,89,21,6.99,36.7,109.2,86,11.6,No,119,Soybean,395.7197047
60,23,74,6.62,19.1,270.7,30,5.7,No,123,Soybean,232.9700484
154,62,64,6.67,25.4,74.2,50,10.9,No,129,Wheat,365.2990768
63,57,54,5.77,15.4,63.9,56,8.4,Yes,117,Soybean,271.1213236
109,78,110,6.39,27,82.3,71,9.6,Yes,199,Rice,426.1795148
79,99,71,6.4,15.5,64.4,88,8.6,No,126,Corn,334.6086503
84,71,58,7.42,35.5,261.3,35,8.3,Yes,165,Corn,332.1136615
54,75,136,6.36,35.6,64.8,84,10.8,No,55,Wheat,364.1241542
132,73,32,6.6,34.7,117.9,73,10.3,Yes,203,Soybean,429.9103268
172,79,47,6.57,22.1,75.9,65,8.4,Yes,124,Wheat,390.0973384
127,72,37,6.77,35.9,123.9,57,5.8,No,137,Rice,351.1566446
111,82,30,7,28.6,72.6,74,5.8,Yes,52,Soybean,295.5685337
181,42,116,5.95,24.3,217,46,10.6,Yes,101,Wheat,354.9818896
138,50,108,6.56,30.6,83.3,88,8.7,Yes,123,Corn,393.0320553
91,98,128,7.15,15.3,263,69,8.4,Yes,174,Corn,351.2193889
138,57,82,6.43,18.6,254.3,87,9.8,Yes,237,Wheat,402.2189841
195,22,131,6.06,33.6,53.4,81,11,No,240,Wheat,529.6474896
89,82,39,6.81,21.1,273.9,32,9.4,Yes,114,Wheat,278.6596581
121,86,117,7.15,30,57.2,41,10.3,No,101,Rice,393.848204
88,40,107,5.63,24.6,109.9,68,10.4,Yes,125,Rice,359.3985434
153,84,41,7.05,36.4,58.1,41,7.5,Yes,191,Corn,431.4053296
63,77,88,7.14,38.8,134,31,6.9,No,138,Rice,333.4859439
81,13,50,6.42,37.1,178.5,85,10.6,No,121,Rice,344.0738236
174,28,72,7.47,21.8,249.2,75,7.6,Yes,117,Soybean,348.5025486
146,79,32,7.07,19.9,134.5,51,11.3,Yes,205,Rice,404.6186485
72,91,113,7.05,26.9,226.4,52,5.5,No,248,Soybean,387.8655813
112,22,84,7,15.2,96.9,59,5.4,No,187,Rice,351.3833171
192,32,57,5.8,15.6,237.6,34,11.5,No,164,Corn,342.7776028
194,92,66,5.93,28.8,109,38,9.5,No,106,Wheat,366.4191162
102,84,127,6.43,28,85.9,50,7.7,Yes,115,Corn,355.3236635
153,10,109,6.03,39.9,96.4,40,10.3,Yes,139,Rice,405.8572282
153,97,133,6.33,20,95.5,34,9.7,Yes,99,Wheat,358.8417982
88,63,43,7.28,21.5,178.2,64,8.7,Yes,63,Wheat,265.4444646
183,80,16,7.15,17.8,261.2,56,5.7,Yes,65,Wheat,279.7938446
116,98,65,6.76,37.9,69.9,78,10.7,No,231,Soybean,475.2578906
184,94,74,7.22,34.4,226.7,31,11.1,No,220,Corn,454.2319332
91,24,56,7.07,35.6,213.6,53,6.2,No,91,Soybean,274.0898206
64,74,28,6.36,37.6,268.1,60,11,Yes,159,Wheat,336.4742951
160,85,135,5.9,28.1,111,62,11.1,No,71,Corn,374.9997185
82,80,148,6.53,26.3,162.5,68,8.8,Yes,117,Corn,347.6311601
87,24,58,6.97,23.3,281.5,59,9.6,Yes,68,Rice,247.1465511
146,30,122,6.37,29.7,215,75,7.7,Yes,115,Soybean,369.5206496
82,28,47,6.83,26.4,147.2,66,7,No,216,Soybean,353.8154587
135,69,73,5.69,26.3,82.9,80,10.1,Yes,122,Rice,396.0339071
115,98,78,7,38.4,115.6,57,11,Yes,196,Soybean,422.258219
59,42,145,7.13,39.6,195.3,89,9.6,No,193,Wheat,404.3772208
54,58,125,6.91,34.9,229.5,60,8.6,Yes,103,Wheat,335.4418524
172,44,74,7.43,33.9,81.1,40,6.1,No,202,Soybean,442.1360456
123,53,40,7.15,32,199.9,52,5.4,Yes,161,Rice,329.8854276
146,99,141,7.31,19.2,187.6,86,8.1,No,67,Corn,357.4689362
167,20,122,7.37,16.5,178.5,31,5.3,Yes,200,Soybean,378.4218992
87,81,118,7.1,32.3,222.5,69,9,Yes,166,Corn,382.9062431
190,87,78,6.85,33.2,259.4,70,7.7,No,134,Rice,390.7186709
96,83,129,5.51,16.2,130.7,56,10.3,Yes,188,Corn,378.2693301
158,75,97,6.43,38.2,272.3,64,7.1,No,88,Rice,332.0255302
64,55,76,6.64,17.3,90.2,31,9.2,Yes,154,Rice,312.3133871
185,18,84,6.11,22.1,93.3,68,8.8,No,117,Wheat,366.463651
54,12,54,6.14,31.8,116.7,66,5,Yes,74,Wheat,257.2912183
96,94,13,7.42,19.2,79.9,50,5.5,Yes,240,Rice,357.2149389
117,35,116,7.28,16.4,107.6,87,7,Yes,207,Soybean,409.716939
125,81,60,7.2,23.3,76.6,34,11.2,No,222,Wheat,421.5749365
179,57,59,6.31,34.1,255.4,81,6,No,172,Rice,373.5661378
144,75,15,5.53,25.3,84.7,74,10,No,170,Corn,396.4506423
164,79,68,5.66,31.3,236.8,50,11.8,No,110,Corn,351.2741542
85,37,134,6.12,29.5,62,58,10.5,No,149,Soybean,383.0835262
75,35,39,5.53,15.6,287.1,49,6.7,Yes,100,Corn,217.0970925
92,34,131,5.53,39.7,227.8,67,11.4,Yes,147,Corn,395.2800114
76,21,134,7.33,16,51.7,49,5.7,Yes,186,Rice,364.270396
118,14,46,6.91,39.2,241,79,8.3,Yes,51,Corn,300.7610984
197,57,133,6.12,28.7,178.5,54,11.2,Yes,54,Corn,357.0837813
60,46,110,5.77,39.1,244.8,31,9.5,No,239,Corn,382.009597
123,88,44,6.52,17.9,180.6,86,7.9,Yes,246,Corn,395.1573827
153,53,96,5.51,27.3,210.3,61,7,No,229,Rice,408.3812985
87,24,143,7.38,19.2,246.6,55,7.6,Yes,135,Corn,325.249658
183,52,27,6.33,16.3,151.3,35,8.6,No,182,Soybean,369.5722952
72,57,122,6.3,30.4,50.7,70,7.2,No,236,Wheat,406.5765808
96,96,38,6.28,20.2,262.5,86,11.8,No,117,Soybean,308.5942184
139,79,86,5.64,29.7,145.2,32,11.5,Yes,58,Wheat,335.6624894
95,55,68,6.78,17.8,174,62,11.1,Yes,142,Soybean,317.4847015
156,52,135,6.97,23.3,51.9,30,8,Yes,199,Wheat,435.9765103
189,30,118,6.85,34.5,173,80,9.8,Yes,204,Wheat,476.340005
190,32,31,5.78,25.9,296.6,34,11.3,No,187,Wheat,352.6966015
153,89,77,6.66,30.7,119.6,42,11,No,174,Wheat,404.2653531
160,56,78,6.64,31.2,148.9,48,7.9,No,110,Rice,355.3048032
153,24,58,7.24,36.1,221.8,41,5.8,No,100,Soybean,331.2268134
109,34,118,6.26,23.1,253.7,77,5.5,Yes,59,Wheat,286.7501738
149,45,95,6.24,32.2,154.3,54,9,No,183,Soybean,405.8188038
117,84,62,6.74,39,127.4,86,9.5,Yes,111,Corn,375.7476231
182,60,132,6.77,33.3,284.5,80,10.9,No,162,Wheat,448.2839719
169,24,96,6.44,27.2,219.3,64,7,No,182,Soybean,389.4492288
86,77,140,6.39,30.8,79.8,41,6.2,No,171,Rice,376.6249003
121,30,51,6.49,33.5,67.2,59,7.7,Yes,247,Soybean,427.9851897
176,22,107,7.22,30.3,170.9,34,7.5,Yes,240,Wheat,437.4874848
155,95,118,6.42,15.4,105,63,5.9,No,172,Corn,385.032049
141,28,60,7.38,19.9,113.5,51,9.7,No,233,Soybean,411.0810681
80,43,94,6.51,35.3,269.4,68,8.6,No,236,Corn,401.9818684
171,87,136,7.4,21.8,72.4,42,10,Yes,112,Rice,404.357508
186,77,30,7.17,33.3,228.8,86,7.5,Yes,160,Soybean,409.2226909
100,61,53,6.22,24.3,117.8,76,7.3,Yes,138,Soybean,316.4864543
78,36,148,7.23,28,240.1,83,8.3,No,236,Rice,436.0626699
89,38,112,5.72,16.7,230.6,32,11.1,Yes,100,Rice,277.2535127
90,37,77,7.35,19.5,51.8,89,5.3,No,227,Rice,406.9702099
60,44,138,6.76,38.9,177.3,82,10.6,Yes,181,Wheat,413.1261149
50,17,101,5.61,37.3,84.8,49,7.6,No,153,Wheat,330.3047738
95,25,33,6.79,31.3,266.6,60,11,No,172,Soybean,333.2162338
150,45,134,7.45,26.5,267.9,34,10.6,Yes,97,Soybean,325.1252898
198,39,120,5.64,31.9,154.6,53,7.4,No,81,Soybean,366.9638693
139,27,107,6.61,30.5,161.1,69,9.9,No,169,Corn,402.6176458
159,11,148,7,29.2,125.8,83,6.1,No,228,Rice,452.1244284
106,58,26,7.12,16.5,229.2,62,11.3,Yes,229,Soybean,371.5869957
50,86,108,6.33,30.8,139.7,37,7.8,No,148,Rice,337.6352326
112,13,91,5.91,34.2,116.9,53,8.2,Yes,123,Wheat,347.7882987
104,99,113,5.58,39.9,158.1,79,9.9,Yes,83,Rice,379.3031658
164,98,28,6.66,15.3,72.9,49,10.7,No,213,Corn,405.5277186
192,84,94,6.41,33.3,236.7,89,6.7,Yes,119,Corn,383.2058972
198,16,17,7.4,29.3,53.1,45,9.6,No,220,Rice,417.8543993
102,83,37,5.62,25.9,211.1,79,7.7,Yes,159,Corn,331.105608
186,48,14,6.87,18.2,95.7,81,7.6,No,65,Corn,320.9809729
106,22,110,5.55,25.2,108.1,41,9.8,Yes,108,Wheat,308.943846
166,40,127,5.84,23.9,208.9,42,7.7,No,230,Soybean,421.9237985
84,80,73,6.41,22.6,298.2,74,7.4,No,68,Corn,251.4366453
112,72,100,6.41,33.3,244.4,71,10.9,No,144,Soybean,354.7849991
74,65,126,6.87,32.5,106.5,68,5.7,No,162,Rice,393.948229
139,51,107,7.32,29.7,94,54,9.7,Yes,90,Rice,351.16985
124,70,20,6.78,38.5,266.6,75,6.7,Yes,130,Corn,341.1217877
87,51,63,7.41,23.7,161,61,5.1,No,224,Rice,370.9111952
179,65,56,7.26,21.1,84.3,53,6.2,Yes,152,Wheat,381.235541
184,45,149,6.67,31.4,265.6,77,9.2,No,103,Corn,382.5522505
140,93,148,7.17,20,254,76,10,No,232,Corn,450.2279729
66,77,14,6.79,22.9,296,73,5.1,Yes,144,Corn,275.0848487
177,16,29,5.66,20.6,277.4,38,5.3,Yes,196,Rice,300.461895
157,63,55,6.98,16.7,262.9,69,11.3,No,111,Rice,337.3837367
74,10,21,5.69,35.7,63.1,79,5.5,Yes,148,Corn,329.1887451
137,53,79,6.69,21.4,76.1,52,11.3,No,142,Soybean,381.1105109
78,54,26,6.91,26.8,192.2,79,6.6,Yes,236,Rice,358.5802512
112,56,124,5.63,16.1,182.9,42,10.2,Yes,114,Rice,324.0745736
199,22,57,5.96,32.5,164.5,89,7.2,Yes,117,Corn,376.3831296
163,31,117,7.33,23.3,149.2,88,11,Yes,77,Soybean,362.7004034
98,30,61,6.73,33.6,157.8,61,9.9,Yes,67,Corn,301.8664419
130,95,105,5.99,25.3,192.3,79,7.8,No,75,Rice,339.2305494
133,18,79,6.88,19.9,50.5,44,5.5,Yes,153,Corn,344.4458062
154,35,111,6.69,27.8,115.2,65,10.1,Yes,196,Corn,442.8198289
197,18,84,6.5,18.3,179.6,78,9.3,No,104,Corn,347.663533
167,24,91,7.45,26,230.6,34,5,No,168,Soybean,340.2810471
135,19,101,6.87,22.9,93.5,51,5.1,No,173,Corn,386.1360262
112,97,13,6.25,37.8,186.7,45,10.7,Yes,234,Rice,390.6510492
153,51,144,7.1,16.5,228.6,70,6.8,Yes,183,Corn,381.481604
98,81,118,7.27,32.4,161.2,39,9.5,No,178,Soybean,402.35748
120,33,57,5.75,19.6,56.8,53,8.2,No,57,Wheat,289.6008389
50,89,82,5.9,23,162.3,47,11,No,100,Soybean,302.0044937
190,58,81,5.93,25.4,124.1,78,11.4,No,134,Corn,429.59259
172,35,125,6.88,37.7,282.4,47,12,Yes,74,Wheat,360.9440155
111,46,90,6.71,21.1,81.2,36,6.1,Yes,224,Corn,372.5301674
81,77,90,6.74,17.3,213.1,33,11,Yes,232,Soybean,367.4830398
78,59,122,7.38,23,63.2,55,6.9,Yes,241,Wheat,416.0602347
